{
    "variants": {
        "default": "model:0"
    },
    "modelConfigs": [
        {
            "baseScale": 1,
            "rotationY": 0,
            "rotationX": 0,
            "rotationZ": 0,
            "offsetX": 0,
            "offsetY": 0,
            "modelMainPartFieldAliases": [
                "com.aetherteam.aether.client.renderer.entity.model.AerbunnyModel;head"
            ],
            "renderingFullModel": false,
            "modelPartsRotationReset": true,
            "layersAllowed": true
        }
    ]
}