{
    "variants": {
        "aether:textures/entity/mobs/moa/blue_moa.png":"outlined_sprite:aether/moa/blue_moa.png",
        "aether:textures/entity/mobs/moa/white_moa.png":"outlined_sprite:aether/moa/white_moa.png",
        "aether:textures/entity/mobs/moa/black_moa.png":"outlined_sprite:aether/moa/black_moa.png",
        "aether:textures/entity/mobs/moa/classic_moa.png":"outlined_sprite:aether/moa/classic_moa.png",
        "aether:textures/entity/mobs/moa/mos.png":"outlined_sprite:aether/moa/mos.png",
        "aether:textures/entity/mobs/moa/raptor.png":"outlined_sprite:aether/moa/raptor.png",
        "aether:textures/entity/mobs/moa/skins/arctic_moa/arctic_moa.png":"outlined_sprite:aether/moa/skins/arctic_moa/arctic_moa.png",
        "aether:textures/entity/mobs/moa/skins/battle_sentry_moa/battle_sentry_moa.png":"outlined_sprite:aether/moa/skins/battle_sentry_moa/battle_sentry_moa.png",
        "aether:textures/entity/mobs/moa/skins/battle_sentry_moa/battle_sentry_moa_emissive.png":"outlined_sprite:aether/moa/skins/battle_sentry_moa/battle_sentry_moa.png",
        "aether:textures/entity/mobs/moa/skins/boko_yellow/boko_yellow.png":"outlined_sprite:aether/moa/skins/boko_yellow/boko_yellow.png",
        "aether:textures/entity/mobs/moa/skins/chicken_moa/chicken_moa.png":"outlined_sprite:aether/moa/skins/chicken_moa/chicken_moa.png",
        "aether:textures/entity/mobs/moa/skins/cockatrice_moa/cockatrice_moa.png":"outlined_sprite:aether/moa/skins/cockatrice_moa/cockatrice_moa.png",
        "aether:textures/entity/mobs/moa/skins/construction_bot/construction_bot.png":"outlined_sprite:aether/moa/skins/construction_bot/construction_bot.png",
        "aether:textures/entity/mobs/moa/skins/crookjaw_purple/crookjaw_purple.png":"outlined_sprite:aether/moa/skins/crookjaw_purple/crookjaw_purple.png",
        "aether:textures/entity/mobs/moa/skins/frozen_phoenix/frozen_phoenix.png":"outlined_sprite:aether/moa/skins/frozen_phoenix/frozen_phoenix.png",
        "aether:textures/entity/mobs/moa/skins/gargoyle_moa/gargoyle_moa.png":"outlined_sprite:aether/moa/skins/gargoyle_moa/gargoyle_moa.png",
        "aether:textures/entity/mobs/moa/skins/gharrix_red/gharrix_red.png":"outlined_sprite:aether/moa/skins/gharrix_red/gharrix_red.png",
        "aether:textures/entity/mobs/moa/skins/gilded_gharrix/gilded_gharrix.png":"outlined_sprite:aether/moa/skins/gilded_gharrix/gilded_gharrix.png",
        "aether:textures/entity/mobs/moa/skins/halcian_pink/halcian_pink.png":"outlined_sprite:aether/moa/skins/halcian_pink/halcian_pink.png",
        "aether:textures/entity/mobs/moa/skins/molten_moa/molten_moa.png":"outlined_sprite:aether/moa/skins/molten_moa/molten_moa.png",
        "aether:textures/entity/mobs/moa/skins/phoenix_moa/phoenix_moa.png":"outlined_sprite:aether/moa/skins/phoenix_moa/phoenix_moa.png",
        "aether:textures/entity/mobs/moa/skins/sentry_moa/sentry_moa.png":"outlined_sprite:aether/moa/skins/sentry_moa/sentry_moa.png",
        "aether:textures/entity/mobs/moa/skins/stratus/stratus.png":"outlined_sprite:aether/moa/skins/stratus/stratus.png",
        "aether:textures/entity/mobs/moa/skins/tivalier_green/tivalier_green.png":"outlined_sprite:aether/moa/skins/tivalier_green/tivalier_green.png",
        "aether:textures/entity/mobs/moa/skins/undead_moa/undead_moa.png":"outlined_sprite:aether/moa/skins/undead_moa/undead_moa.png",
        "aether:textures/entity/mobs/moa/skins/valkyrie_moa/valkyrie_moa.png":"outlined_sprite:aether/moa/skins/valkyrie_moa/valkyrie_moa.png",
        "layersAllowed": true
    }
}